batch,loss,avg_loss,rate,seconds,images
1,85.704,85.704,0.0,0.45055399999999995,4
2,85.996,85.733,0.0,0.057652999999999996,8
3,85.95,85.755,0.0,0.058781,12
4,85.159,85.695,0.0,0.056695999999999996,16
5,86.011,85.727,0.0,0.05554,20
6,85.119,85.666,0.0,0.062108,24
7,86.992,85.799,0.0,0.058009,28
8,85.33,85.752,0.0,0.055990000000000005,32
9,86.398,85.816,0.0,0.058064,36
10,85.405,85.775,0.0,0.056324,40
11,84.915,85.689,0.0,0.057453000000000004,44
12,85.919,85.712,0.0,0.057258,48
13,84.463,85.587,0.0,0.058453000000000005,52
14,84.7,85.499,0.0,0.064231,56
15,85.932,85.542,0.0,0.057152999999999995,60
16,85.229,85.511,0.0,0.056248,64
17,84.956,85.455,0.0,0.058481,68
18,85.228,85.432,0.0,0.054695999999999995,72
19,85.25,85.414,0.0,0.055628,76
20,85.399,85.413,0.0,0.05919,80
21,85.629,85.434,0.0,0.057881999999999996,84
22,85.915,85.482,0.0,0.056593000000000004,88
23,84.45,85.379,0.0,0.057426000000000005,92
24,84.94,85.335,0.0,0.058647,96
25,85.051,85.307,0.0,0.06003,100
26,86.02,85.378,0.0,0.057875,104
27,86.116,85.452,0.0,0.058108,108
28,83.845,85.291,0.0,0.058467,112
29,85.952,85.357,0.0,0.057334,116
30,85.771,85.399,0.0,0.059967,120
31,85.493,85.408,0.0,0.057758000000000004,124
32,85.195,85.387,0.0,0.060920999999999996,128
33,85.794,85.427,0.0,0.05790699999999999,132
34,85.556,85.44,0.0,0.057317,136
35,84.095,85.306,0.0,0.054987,140
36,84.512,85.226,0.0,0.055449,144
37,85.663,85.27,0.0,0.057315,148
38,86.508,85.394,1e-08,0.055712000000000005,152
39,85.424,85.397,1e-08,0.057164,156
40,85.005,85.358,1e-08,0.06518,160
41,86.423,85.464,1e-08,0.062312,164
42,84.987,85.417,1e-08,0.061051,168
43,85.571,85.432,1e-08,0.061546,172
44,85.375,85.426,1e-08,0.060621,176
45,86.881,85.572,1e-08,0.060774,180
46,85.883,85.603,1e-08,0.061215000000000006,184
47,84.385,85.481,1e-08,0.061398,188
48,85.139,85.447,1e-08,0.061709,192
49,86.539,85.556,2e-08,0.058201,196
50,84.963,85.497,2e-08,0.062658,200
51,86.12,85.559,2e-08,0.063759,204
52,85.809,85.584,2e-08,0.061543,208
53,85.626,85.588,2e-08,0.064271,212
54,86.523,85.682,2e-08,0.061304000000000004,216
55,85.452,85.659,2e-08,0.061329999999999996,220
56,83.484,85.441,3e-08,0.057178,224
57,85.078,85.405,3e-08,0.060709000000000006,228
58,85.511,85.416,3e-08,0.060372999999999996,232
59,84.848,85.359,3e-08,0.062781,236
60,83.624,85.185,3e-08,0.061969,240
61,86.289,85.296,4e-08,0.06320300000000001,244
62,84.461,85.212,4e-08,0.066099,248
63,84.806,85.172,4e-08,0.060332000000000004,252
64,86.345,85.289,4e-08,0.058902,256
65,85.592,85.319,5e-08,0.06301899999999999,260
66,83.367,85.124,5e-08,0.061432,264
67,83.929,85.005,5e-08,0.059812,268
68,83.976,84.902,6e-08,0.061452,272
69,84.791,84.891,6e-08,0.061191,276
70,82.923,84.694,6e-08,0.057639,280
71,82.847,84.509,7e-08,0.056086,284
72,83.086,84.367,7e-08,0.05416,288
73,84.505,84.381,7e-08,0.055917,292
74,83.087,84.251,8e-08,0.057360999999999995,296
75,84.813,84.307,8e-08,0.054697,300
76,84.313,84.308,9e-08,0.056851,304
77,84.59,84.336,9e-08,0.059781999999999995,308
78,82.077,84.11,1e-07,0.061562,312
79,83.138,84.013,1e-07,0.056137,316
80,84.922,84.104,1.1e-07,0.054131,320
81,83.292,84.023,1.1e-07,0.054079,324
82,84.054,84.026,1.2e-07,0.062204,328
83,82.627,83.886,1.2e-07,0.053388,332
84,82.435,83.741,1.3e-07,0.054869,336
85,82.274,83.594,1.4e-07,0.053966,340
86,80.461,83.281,1.4e-07,0.057343000000000005,344
87,82.103,83.163,1.5e-07,0.053732,348
88,81.748,83.022,1.6e-07,0.053793,352
89,80.793,82.799,1.6e-07,0.06659999999999999,356
90,80.908,82.61,1.7e-07,0.07198099999999999,360
91,82.883,82.637,1.8e-07,0.076061,364
92,81.2,82.493,1.9e-07,0.077014,368
93,80.853,82.329,2e-07,0.067733,372
94,80.594,82.156,2e-07,0.063366,376
95,80.848,82.025,2.1e-07,0.062804,380
96,78.343,81.657,2.2e-07,0.05872,384
97,79.789,81.47,2.3e-07,0.057923,388
98,79.559,81.279,2.4e-07,0.058234,392
99,78.601,81.011,2.5e-07,0.059425,396
100,79.322,80.842,2.6e-07,0.054814,400
101,78.136,80.572,2.7e-07,0.06665900000000001,404
102,77.842,80.299,2.8e-07,0.061778,408
103,78.274,80.096,2.9e-07,0.057271999999999997,412
104,78.378,79.924,3.1e-07,0.058621,416
105,77.037,79.636,3.2e-07,0.055964,420
106,76.102,79.282,3.3e-07,0.059036,424
107,76.181,78.972,3.4e-07,0.060462,428
108,76.706,78.746,3.6e-07,0.057293,432
109,74.443,78.315,3.7e-07,0.057626,436
110,74.456,77.929,3.8e-07,0.056719,440
111,73.498,77.486,4e-07,0.055386000000000005,444
112,73.679,77.105,4.1e-07,0.054094,448
113,75.088,76.904,4.3e-07,0.060271,452
114,71.253,76.339,4.4e-07,0.0616,456
115,72.352,75.94,4.6e-07,0.059537,460
116,70.973,75.443,4.7e-07,0.059275,464
117,70.06,74.905,4.9e-07,0.060218,468
118,70.996,74.514,5.1e-07,0.055316000000000004,472
119,70.128,74.075,5.2e-07,0.056456000000000006,476
120,68.969,73.565,5.4e-07,0.056792999999999996,480
121,69.309,73.139,5.6e-07,0.057075,484
122,68.177,72.643,5.8e-07,0.05675,488
123,68.219,72.201,6e-07,0.056107,492
124,67.598,71.74,6.2e-07,0.056544,496
125,65.628,71.129,6.4e-07,0.053183,500
126,64.19,70.435,6.6e-07,0.05575,504
127,63.693,69.761,6.8e-07,0.056334,508
128,64.453,69.23,7e-07,0.058141,512
129,63.801,68.687,7.2e-07,0.055435000000000005,516
130,62.786,68.097,7.5e-07,0.056622,520
131,62.192,67.507,7.7e-07,0.056198,524
132,61.256,66.882,7.9e-07,0.05899,528
133,59.999,66.193,8.2e-07,0.05608,532
134,58.82,65.456,8.4e-07,0.056949,536
135,58.297,64.74,8.7e-07,0.058997,540
136,57.469,64.013,8.9e-07,0.059059,544
137,56.242,63.236,9.2e-07,0.052461,548
138,55.615,62.474,9.5e-07,0.054672,552
139,54.268,61.653,9.7e-07,0.063646,556
140,53.479,60.836,1e-06,0.056263,560
141,52.775,60.03,1.03e-06,0.056758,564
142,52.113,59.238,1.06e-06,0.058205,568
143,51.357,58.45,1.09e-06,0.059734,572
144,48.864,57.491,1.12e-06,0.057781,576
145,49.122,56.654,1.15e-06,0.057529000000000004,580
146,48.38,55.827,1.19e-06,0.0569,584
147,46.672,54.911,1.22e-06,0.05683,588
148,45.187,53.939,1.25e-06,0.057465,592
149,44.44,52.989,1.29e-06,0.056308,596
150,43.353,52.026,1.32e-06,0.057515000000000004,600
151,42.28,51.051,1.36e-06,0.054373,604
152,42.811,50.227,1.39e-06,0.056335,608
153,42.614,49.466,1.43e-06,0.057878,612
154,39.94,48.513,1.47e-06,0.056076,616
155,38.782,47.54,1.51e-06,0.054466,620
156,36.783,46.464,1.55e-06,0.057815,624
157,36.844,45.502,1.59e-06,0.058732999999999994,628
158,36.721,44.624,1.63e-06,0.058626,632
159,35.276,43.689,1.67e-06,0.060105,636
160,33.899,42.71,1.71e-06,0.055765999999999996,640
161,33.933,41.833,1.75e-06,0.058075,644
162,32.046,40.854,1.8e-06,0.054960999999999996,648
163,31.157,39.884,1.84e-06,0.055115000000000004,652
164,31.618,39.058,1.89e-06,0.056808,656
165,27.976,37.949,1.93e-06,0.055240000000000004,660
166,29.416,37.096,1.98e-06,0.060929000000000004,664
167,27.589,36.145,2.03e-06,0.055985999999999994,668
168,27.871,35.318,2.08e-06,0.056235999999999994,672
169,25.626,34.349,2.13e-06,0.056108,676
170,23.703,33.284,2.18e-06,0.052738999999999994,680
171,24.087,32.365,2.23e-06,0.055924999999999996,684
172,22.734,31.402,2.28e-06,0.057229,688
173,21.464,30.408,2.34e-06,0.056447000000000004,692
174,21.649,29.532,2.39e-06,0.055038,696
175,20.714,28.65,2.45e-06,0.056256999999999995,700
176,22.38,28.023,2.5e-06,0.056726,704
177,18.396,27.06,2.56e-06,0.059027,708
178,21.327,26.487,2.62e-06,0.057498,712
179,18.01,25.639,2.68e-06,0.057261,716
180,16.89,24.764,2.74e-06,0.055396,720
181,17.296,24.018,2.8e-06,0.056250999999999995,724
182,16.273,23.243,2.86e-06,0.05547,728
183,16.468,22.566,2.93e-06,0.056673,732
184,15.979,21.907,2.99e-06,0.056694,736
185,14.498,21.166,3.06e-06,0.059344,740
186,13.875,20.437,3.12e-06,0.059895000000000004,744
187,13.799,19.773,3.19e-06,0.054560000000000004,748
188,12.995,19.095,3.26e-06,0.054367,752
189,12.251,18.411,3.33e-06,0.056884,756
190,12.774,17.847,3.4e-06,0.054317,760
191,12.149,17.277,3.47e-06,0.054537999999999996,764
192,12.421,16.792,3.55e-06,0.054473,768
193,11.999,16.312,3.62e-06,0.061649,772
194,10.119,15.693,3.7e-06,0.060628,776
195,9.535,15.077,3.77e-06,0.05421,780
196,10.758,14.645,3.85e-06,0.057206,784
197,8.094,13.99,3.93e-06,0.062918,788
198,9.153,13.506,4.01e-06,0.059306,792
199,8.517,13.007,4.09e-06,0.060707000000000004,796
200,8.561,12.563,4.18e-06,0.056513,800
201,7.342,12.041,4.26e-06,0.07623999999999999,804
202,8.466,11.683,4.35e-06,0.059652000000000004,808
203,7.985,11.314,4.43e-06,0.056146,812
204,7.705,10.953,4.52e-06,0.057271999999999997,816
205,6.684,10.526,4.61e-06,0.061641,820
206,7.245,10.198,4.7e-06,0.055623,824
207,6.896,9.868,4.79e-06,0.058298,828
208,7.568,9.638,4.89e-06,0.060367,832
209,8.104,9.484,4.98e-06,0.053977,836
210,7.257,9.262,5.08e-06,0.056494,840
211,5.648,8.9,5.17e-06,0.057289,844
212,5.254,8.536,5.27e-06,0.0544,848
213,6.071,8.289,5.37e-06,0.056415,852
214,4.096,7.87,5.47e-06,0.058377000000000005,856
215,5.255,7.608,5.58e-06,0.060665,860
216,5.51,7.399,5.68e-06,0.056243,864
217,6.222,7.281,5.79e-06,0.055124,868
218,3.61,6.914,5.89e-06,0.052121,872
219,4.379,6.66,6e-06,0.057227,876
220,6.15,6.609,6.11e-06,0.057512,880
221,3.771,6.325,6.23e-06,0.058512999999999996,884
222,4.5,6.143,6.34e-06,0.059442,888
223,3.05,5.834,6.45e-06,0.055547,892
224,3.806,5.631,6.57e-06,0.055838,896
225,5.672,5.635,6.69e-06,0.057652,900
226,2.193,5.291,6.81e-06,0.057442,904
227,3.034,5.065,6.93e-06,0.052643999999999996,908
228,4.536,5.012,7.05e-06,0.056354999999999995,912
229,5.112,5.022,7.18e-06,0.063002,916
230,3.649,4.885,7.3e-06,0.058558,920
231,2.925,4.689,7.43e-06,0.057895,924
232,3.656,4.586,7.56e-06,0.061615,928
233,3.85,4.512,7.69e-06,0.061802,932
234,3.768,4.438,7.83e-06,0.059262999999999996,936
235,1.928,4.187,7.96e-06,0.058349,940
236,3.554,4.123,8.1e-06,0.056208,944
237,2.75,3.986,8.23e-06,0.058829,948
238,4.072,3.995,8.37e-06,0.060321,952
239,2.044,3.8,8.52e-06,0.058366999999999995,956
240,3.134,3.733,8.66e-06,0.061931,960
241,3.498,3.709,8.8e-06,0.060711,964
242,1.12,3.45,8.95e-06,0.058607,968
243,2.716,3.377,9.1e-06,0.057466,972
244,3.017,3.341,9.25e-06,0.058874,976
245,3.277,3.335,9.4e-06,0.057381,980
246,1.975,3.199,9.56e-06,0.059503,984
247,3.851,3.264,9.71e-06,0.057207,988
248,2.728,3.21,9.87e-06,0.058256999999999996,992
249,1.539,3.043,1.003e-05,0.059135,996
250,1.541,2.893,1.02e-05,0.057884,1000
251,1.571,2.761,1.036e-05,0.062793,1004
252,1.918,2.677,1.053e-05,0.055313,1008
253,2.096,2.618,1.069e-05,0.056603,1012
254,1.776,2.534,1.086e-05,0.055677,1016
255,4.433,2.724,1.104e-05,0.057405,1020
256,3.534,2.805,1.121e-05,0.059158,1024
257,3.523,2.877,1.139e-05,0.056852,1028
258,2.653,2.854,1.156e-05,0.057082,1032
259,1.959,2.765,1.174e-05,0.052613,1036
260,3.405,2.829,1.193e-05,0.057899,1040
261,0.549,2.601,1.211e-05,0.05609,1044
262,0.511,2.392,1.23e-05,0.054721,1048
263,2.56,2.409,1.249e-05,0.057826,1052
264,3.466,2.515,1.268e-05,0.054466,1056
265,2.737,2.537,1.287e-05,0.056315,1060
266,0.952,2.378,1.307e-05,0.059798000000000004,1064
267,1.879,2.328,1.326e-05,0.056104,1068
268,4.117,2.507,1.346e-05,0.059149,1072
269,2.43,2.499,1.367e-05,0.053994999999999994,1076
270,2.742,2.524,1.387e-05,0.056886000000000006,1080
271,1.077,2.379,1.408e-05,0.054596,1084
272,1.326,2.274,1.429e-05,0.055966999999999996,1088
273,0.808,2.127,1.45e-05,0.060048000000000004,1092
274,3.199,2.234,1.471e-05,0.053261,1096
275,1.4,2.151,1.493e-05,0.057003,1100
276,3.197,2.256,1.515e-05,0.05752,1104
277,2.813,2.311,1.537e-05,0.057051000000000004,1108
278,1.224,2.203,1.559e-05,0.062280999999999996,1112
279,1.148,2.097,1.581e-05,0.058573,1116
280,1.807,2.068,1.604e-05,0.059078000000000006,1120
281,0.265,1.888,1.627e-05,0.059266,1124
282,3.437,2.043,1.651e-05,0.061422,1128
283,1.512,1.99,1.674e-05,0.058637999999999996,1132
284,0.599,1.85,1.698e-05,0.059866,1136
285,0.257,1.691,1.722e-05,0.061935000000000004,1140
286,1.37,1.659,1.746e-05,0.055195,1144
287,1.057,1.599,1.771e-05,0.057881,1148
288,1.782,1.617,1.796e-05,0.058637999999999996,1152
289,1.216,1.577,1.821e-05,0.05914,1156
290,0.213,1.441,1.846e-05,0.057847,1160
291,2.039,1.5,1.872e-05,0.058701,1164
292,2.019,1.552,1.897e-05,0.060302999999999995,1168
293,1.057,1.503,1.924e-05,0.059619,1172
294,2.549,1.607,1.95e-05,0.057901,1176
295,0.942,1.541,1.977e-05,0.058478,1180
296,2.421,1.629,2.004e-05,0.058575,1184
297,3.12,1.778,2.031e-05,0.06229,1188
298,2.236,1.824,2.058e-05,0.060587,1192
299,0.167,1.658,2.086e-05,0.057748,1196
300,1.326,1.625,2.114e-05,0.059802999999999995,1200
301,1.83,1.645,2.142e-05,0.06760899999999999,1204
302,1.543,1.635,2.171e-05,0.057466,1208
303,1.056,1.577,2.2e-05,0.0555,1212
304,0.144,1.434,2.229e-05,0.057021,1216
305,2.97,1.587,2.259e-05,0.063909,1220
306,1.283,1.557,2.288e-05,0.05767,1224
307,1.681,1.569,2.318e-05,0.059817999999999996,1228
308,0.645,1.477,2.349e-05,0.060159,1232
309,0.551,1.384,2.379e-05,0.055563,1236
310,1.725,1.418,2.41e-05,0.058603,1240
311,2.15,1.492,2.442e-05,0.05692,1244
312,2.05,1.547,2.473e-05,0.060416,1248
313,1.74,1.567,2.505e-05,0.059595999999999996,1252
314,0.644,1.474,2.537e-05,0.059736,1256
315,1.813,1.508,2.57e-05,0.06148,1260
316,0.945,1.452,2.602e-05,0.059447,1264
317,0.098,1.316,2.636e-05,0.059804,1268
318,1.676,1.352,2.669e-05,0.060662,1272
319,0.097,1.227,2.703e-05,0.063984,1276
320,0.083,1.113,2.737e-05,0.061272,1280
321,1.101,1.111,2.771e-05,0.05661,1284
322,0.081,1.008,2.806e-05,0.057481000000000004,1288
323,1.989,1.106,2.841e-05,0.058819,1292
324,0.659,1.062,2.876e-05,0.055619999999999996,1296
325,1.444,1.1,2.912e-05,0.059311,1300
326,1.981,1.188,2.948e-05,0.059965000000000004,1304
327,0.082,1.077,2.984e-05,0.054966,1308
328,0.07,0.977,3.021e-05,0.053825000000000005,1312
329,0.956,0.975,3.058e-05,0.056569,1316
330,1.112,0.988,3.095e-05,0.057290999999999995,1320
331,0.786,0.968,3.133e-05,0.05835,1324
332,2.203,1.092,3.171e-05,0.062252,1328
333,0.331,1.015,3.209e-05,0.060950000000000004,1332
334,1.809,1.095,3.248e-05,0.057164,1336
335,0.877,1.073,3.287e-05,0.056424999999999996,1340
336,1.364,1.102,3.327e-05,0.059694000000000004,1344
337,1.906,1.182,3.366e-05,0.053498,1348
338,1.424,1.207,3.406e-05,0.054473999999999995,1352
339,2.476,1.333,3.447e-05,0.057854,1356
340,1.339,1.334,3.488e-05,0.059522,1360
341,0.068,1.207,3.529e-05,0.057970999999999995,1364
342,1.719,1.259,3.571e-05,0.05761,1368
343,0.056,1.138,3.613e-05,0.063712,1372
344,1.517,1.176,3.655e-05,0.059808999999999994,1376
345,0.789,1.138,3.698e-05,0.056088,1380
346,0.733,1.097,3.741e-05,0.059421,1384
347,0.328,1.02,3.784e-05,0.059095,1388
348,0.811,0.999,3.828e-05,0.059126,1392
349,2.505,1.15,3.872e-05,0.055549999999999995,1396
350,0.872,1.122,3.917e-05,0.056667999999999996,1400
351,0.906,1.1,3.962e-05,0.06153,1404
352,1.14,1.104,4.007e-05,0.056946,1408
353,0.814,1.075,4.053e-05,0.056156,1412
354,0.922,1.06,4.099e-05,0.05793,1416
355,1.501,1.104,4.145e-05,0.056107,1420
356,0.808,1.074,4.192e-05,0.053448,1424
357,1.49,1.116,4.239e-05,0.057265,1428
358,0.869,1.091,4.287e-05,0.053215000000000005,1432
359,0.91,1.073,4.335e-05,0.056227,1436
360,1.45,1.111,4.384e-05,0.05706,1440
361,2.167,1.217,4.433e-05,0.057641,1444
362,1.356,1.23,4.482e-05,0.058531,1448
363,1.597,1.267,4.532e-05,0.05631,1452
364,0.441,1.185,4.582e-05,0.055436,1456
365,0.042,1.07,4.632e-05,0.057092,1460
366,0.361,0.999,4.683e-05,0.057572000000000005,1464
367,2.465,1.146,4.735e-05,0.057707,1468
368,1.241,1.156,4.787e-05,0.05471,1472
369,1.952,1.235,4.839e-05,0.058603,1476
370,1.002,1.212,4.892e-05,0.057294,1480
371,1.659,1.257,4.945e-05,0.058979,1484
372,1.568,1.288,4.998e-05,0.063279,1488
373,1.131,1.272,5.052e-05,0.057232,1492
374,0.88,1.233,5.107e-05,0.056888,1496
375,1.136,1.223,5.161e-05,0.062596,1500
376,1.323,1.233,5.217e-05,0.055341,1504
377,1.06,1.216,5.272e-05,0.058548,1508
378,0.649,1.159,5.329e-05,0.057902999999999996,1512
379,1.562,1.199,5.385e-05,0.055029,1516
380,1.044,1.184,5.442e-05,0.057640000000000004,1520
381,0.901,1.156,5.5e-05,0.058214,1524
382,1.604,1.201,5.558e-05,0.060122999999999996,1528
383,1.478,1.228,5.616e-05,0.055957,1532
384,1.26,1.231,5.675e-05,0.058417000000000004,1536
385,1.64,1.272,5.734e-05,0.059431,1540
386,0.925,1.238,5.794e-05,0.056055999999999995,1544
387,0.519,1.166,5.854e-05,0.057448,1548
388,0.024,1.051,5.915e-05,0.057936,1552
389,0.555,1.002,5.976e-05,0.061723999999999994,1556
390,0.746,0.976,6.038e-05,0.060139000000000005,1560
391,1.598,1.038,6.1e-05,0.056159,1564
392,1.122,1.047,6.163e-05,0.053969,1568
393,0.711,1.013,6.226e-05,0.057470999999999994,1572
394,0.718,0.984,6.29e-05,0.055240000000000004,1576
395,1.3,1.015,6.354e-05,0.057415,1580
396,1.931,1.107,6.418e-05,0.055624,1584
397,0.808,1.077,6.483e-05,0.055639,1588
398,2.323,1.202,6.549e-05,0.056706000000000006,1592
399,0.022,1.084,6.615e-05,0.059982999999999995,1596
400,0.674,1.043,6.682e-05,0.057414,1600
401,0.632,1.002,6.749e-05,0.061555,1604
402,1.174,1.019,6.816e-05,0.059582,1608
403,0.736,0.991,6.884e-05,0.056172,1612
404,0.619,0.953,6.953e-05,0.056188,1616
405,0.724,0.93,7.022e-05,0.054943,1620
406,1.111,0.948,7.092e-05,0.054341,1624
407,0.016,0.855,7.162e-05,0.06723399999999999,1628
408,0.512,0.821,7.232e-05,0.060575000000000004,1632
409,0.823,0.821,7.304e-05,0.056537,1636
410,0.017,0.741,7.375e-05,0.057138,1640
411,0.021,0.669,7.447e-05,0.054321,1644
412,2.238,0.826,7.52e-05,0.056665,1648
413,0.889,0.832,7.593e-05,0.055680999999999994,1652
414,1.03,0.852,7.667e-05,0.054060000000000004,1656
415,1.316,0.898,7.742e-05,0.056192,1660
416,1.605,0.969,7.817e-05,0.051722000000000004,1664
417,1.768,1.049,7.892e-05,0.053783000000000004,1668
418,0.534,0.997,7.968e-05,0.057137,1672
419,1.03,1.001,8.044e-05,0.062845,1676
420,1.377,1.038,8.122e-05,0.058158,1680
421,1.826,1.117,8.199e-05,0.057371000000000005,1684
422,0.551,1.06,8.277e-05,0.064528,1688
423,0.83,1.037,8.356e-05,0.059025,1692
424,1.358,1.07,8.435e-05,0.060956,1696
425,2.255,1.188,8.515e-05,0.060502,1700
426,2.097,1.279,8.596e-05,0.057015,1704
427,2.458,1.397,8.677e-05,0.062637,1708
428,1.0,1.357,8.758e-05,0.061793,1712
429,1.334,1.355,8.84e-05,0.058997999999999995,1716
430,0.259,1.245,8.923e-05,0.059768,1720
431,0.384,1.159,9.006e-05,0.057956,1724
432,0.658,1.109,9.09e-05,0.061201,1728
433,0.489,1.047,9.175e-05,0.059327,1732
434,1.05,1.047,9.26e-05,0.058823,1736
435,0.241,0.967,9.345e-05,0.062308999999999996,1740
436,1.054,0.975,9.432e-05,0.06271600000000001,1744
437,0.519,0.93,9.518e-05,0.057825,1748
438,1.399,0.977,9.606e-05,0.05543,1752
439,0.473,0.926,9.694e-05,0.056531,1756
440,1.213,0.955,9.783e-05,0.053208,1760
441,0.388,0.898,9.872e-05,0.056033,1764
442,0.947,0.903,9.962e-05,0.056741,1768
443,1.379,0.951,0.00010052,0.054526000000000005,1772
444,1.016,0.957,0.00010143,0.054090000000000006,1776
445,0.942,0.956,0.00010235,0.053411,1780
446,0.663,0.927,0.00010327,0.057444,1784
447,1.66,1.0,0.0001042,0.057280000000000005,1788
448,0.689,0.969,0.00010514,0.055184,1792
449,1.143,0.986,0.00010608,0.057566,1796
450,0.332,0.921,0.00010703,0.056369999999999996,1800
451,1.965,1.025,0.00010798,0.05924,1804
452,0.477,0.97,0.00010894,0.057972,1808
453,0.605,0.934,0.00010991,0.057719,1812
454,1.055,0.946,0.00011088,0.06360199999999999,1816
455,0.022,0.854,0.00011186,0.06629,1820
456,0.018,0.77,0.00011285,0.06634999999999999,1824
457,2.3,0.923,0.00011384,0.064888,1828
458,1.037,0.934,0.00011484,0.062296,1832
459,0.549,0.896,0.00011585,0.06547599999999999,1836
460,0.168,0.823,0.00011686,0.06647700000000001,1840
461,1.641,0.905,0.00011788,0.067854,1844
462,1.28,0.942,0.00011891,0.068466,1848
463,1.457,0.994,0.00011994,0.06797199999999999,1852
464,1.039,0.998,0.00012098,0.064295,1856
465,0.678,0.966,0.00012203,0.06964000000000001,1860
466,0.654,0.935,0.00012308,0.06708700000000001,1864
467,0.886,0.93,0.00012414,0.065093,1868
468,0.718,0.909,0.00012521,0.068574,1872
469,0.016,0.82,0.00012628,0.066541,1876
470,1.364,0.874,0.00012736,0.065995,1880
471,0.438,0.83,0.00012845,0.067951,1884
472,0.018,0.749,0.00012954,0.060385,1888
473,1.17,0.791,0.00013064,0.057707999999999995,1892
474,1.831,0.895,0.00013175,0.062749,1896
475,1.823,0.988,0.00013287,0.061797,1900
476,0.762,0.965,0.00013399,0.065413,1904
477,0.624,0.931,0.00013512,0.060008000000000006,1908
478,0.14,0.852,0.00013625,0.058012999999999995,1912
479,1.323,0.899,0.0001374,0.062503,1916
480,1.99,1.008,0.00013855,0.061894,1920
481,0.037,0.911,0.00013971,0.056813,1924
482,2.104,1.031,0.00014087,0.062138,1928
483,1.152,1.043,0.00014205,0.061619,1932
484,0.677,1.006,0.00014323,0.062584,1936
485,0.395,0.945,0.00014441,0.061223999999999994,1940
486,0.889,0.939,0.00014561,0.060691,1944
487,1.405,0.986,0.00014681,0.059929,1948
488,0.336,0.921,0.00014802,0.061638,1952
489,1.947,1.024,0.00014924,0.059588999999999996,1956
490,0.501,0.971,0.00015046,0.061628,1960
491,1.143,0.988,0.00015169,0.055264,1964
492,2.489,1.138,0.00015293,0.056609,1968
493,2.366,1.261,0.00015418,0.059432,1972
494,1.093,1.244,0.00015543,0.060056,1976
495,0.694,1.189,0.0001567,0.058761,1980
496,0.838,1.154,0.00015797,0.059231,1984
497,0.574,1.096,0.00015925,0.060656,1988
498,0.935,1.08,0.00016053,0.053741,1992
499,0.017,0.974,0.00016182,0.053747,1996
500,0.446,0.921,0.00016313,0.056683,2000
501,0.015,0.83,0.00016443,0.06350399999999999,2004
502,0.006,0.748,0.00016575,0.054765,2008
503,0.004,0.674,0.00016708,0.055045000000000004,2012
504,1.178,0.724,0.00016841,0.054658,2016
505,0.933,0.745,0.00016975,0.05996,2020
506,0.732,0.744,0.0001711,0.057412,2024
507,0.003,0.67,0.00017245,0.055348999999999995,2028
508,0.533,0.656,0.00017382,0.053193,2032
509,0.231,0.613,0.00017519,0.051731,2036
510,1.017,0.654,0.00017657,0.054256,2040
511,0.514,0.64,0.00017796,0.057203000000000004,2044
512,0.423,0.618,0.00017936,0.058177,2048
513,1.989,0.755,0.00018076,0.058973,2052
514,0.009,0.681,0.00018218,0.058746,2056
515,0.305,0.643,0.0001836,0.053877,2060
516,1.448,0.724,0.00018503,0.056875,2064
517,0.743,0.726,0.00018647,0.056604,2068
518,0.503,0.703,0.00018791,0.055789,2072
519,0.987,0.732,0.00018937,0.057345999999999994,2076
520,0.91,0.749,0.00019083,0.059385,2080
521,0.527,0.727,0.00019231,0.056828000000000004,2084
522,0.491,0.704,0.00019379,0.055814,2088
523,0.864,0.72,0.00019528,0.056461,2092
524,0.623,0.71,0.00019677,0.05657,2096
525,0.004,0.639,0.00019828,0.059794,2100
526,0.003,0.576,0.00019979,0.059051,2104
527,0.331,0.551,0.00020132,0.053571,2108
528,0.256,0.522,0.00020285,0.056549999999999996,2112
529,1.083,0.578,0.00020439,0.055848999999999996,2116
530,0.782,0.598,0.00020594,0.056847,2120
531,1.674,0.706,0.0002075,0.057088,2124
532,0.566,0.692,0.00020907,0.065798,2128
533,0.004,0.623,0.00021064,0.055564,2132
534,0.848,0.646,0.00021223,0.057058,2136
535,1.25,0.706,0.00021382,0.058939,2140
536,0.506,0.686,0.00021543,0.059851,2144
537,0.453,0.663,0.00021704,0.061493,2148
538,0.55,0.651,0.00021866,0.063244,2152
539,1.187,0.705,0.00022029,0.068536,2156
540,0.799,0.714,0.00022193,0.062034,2160
541,0.512,0.694,0.00022358,0.058071,2164
542,0.493,0.674,0.00022524,0.058414,2168
543,0.817,0.688,0.0002269,0.057358,2172
544,0.816,0.701,0.00022858,0.059732999999999994,2176
545,0.643,0.695,0.00023026,0.058115,2180
546,0.213,0.647,0.00023196,0.060253999999999995,2184
547,0.745,0.657,0.00023366,0.05989,2188
548,0.944,0.685,0.00023538,0.061336,2192
549,0.527,0.67,0.0002371,0.060848,2196
550,0.286,0.631,0.00023883,0.059811,2200
551,0.846,0.653,0.00024057,0.059779000000000006,2204
552,0.759,0.663,0.00024232,0.058854,2208
553,1.045,0.701,0.00024408,0.060791,2212
554,0.725,0.704,0.00024586,0.058924,2216
555,0.193,0.653,0.00024764,0.058978,2220
556,0.146,0.602,0.00024942,0.061621,2224
557,0.114,0.553,0.00025122,0.061387,2228
558,0.675,0.565,0.00025303,0.06192,2232
559,0.541,0.563,0.00025485,0.057145,2236
560,1.701,0.677,0.00025668,0.058374,2240
561,0.165,0.626,0.00025852,0.058845,2244
562,0.725,0.635,0.00026037,0.057515000000000004,2248
563,0.793,0.651,0.00026223,0.058429,2252
564,1.261,0.712,0.00026409,0.055231,2256
565,0.275,0.669,0.00026597,0.056247,2260
566,0.879,0.69,0.00026786,0.056671,2264
567,0.929,0.714,0.00026976,0.057637,2268
568,0.521,0.694,0.00027167,0.05957,2272
569,1.024,0.727,0.00027358,0.06469,2276
570,0.017,0.656,0.00027551,0.059991,2280
571,0.061,0.597,0.00027745,0.061024,2284
572,0.635,0.6,0.0002794,0.055424,2288
573,0.969,0.637,0.00028136,0.060185,2292
574,0.693,0.643,0.00028333,0.062654,2296
575,0.392,0.618,0.00028531,0.057482,2300
576,0.006,0.557,0.0002873,0.055748,2304
577,0.403,0.541,0.0002893,0.058397,2308
578,0.979,0.585,0.00029131,0.06283,2312
579,0.683,0.595,0.00029333,0.06171,2316
580,0.195,0.555,0.00029536,0.056799999999999996,2320
581,0.627,0.562,0.0002974,0.059511,2324
582,0.423,0.548,0.00029946,0.058552,2328
583,0.008,0.494,0.00030152,0.060761,2332
584,0.999,0.545,0.00030359,0.061534,2336
585,0.476,0.538,0.00030568,0.062092,2340
586,0.246,0.509,0.00030777,0.056591,2344
587,0.358,0.493,0.00030988,0.057868,2348
588,0.01,0.445,0.000312,0.057387,2352
589,0.31,0.432,0.00031412,0.05774,2356
590,0.853,0.474,0.00031626,0.0559,2360
591,0.072,0.434,0.00031841,0.056412,2364
592,0.282,0.418,0.00032057,0.053632,2368
593,0.58,0.435,0.00032274,0.053808999999999996,2372
594,0.552,0.446,0.00032493,0.058044,2376
595,0.733,0.475,0.00032712,0.056866999999999994,2380
596,1.485,0.576,0.00032933,0.054368,2384
597,0.001,0.518,0.00033154,0.056076999999999995,2388
598,1.693,0.636,0.00033377,0.055096,2392
599,0.078,0.58,0.00033601,0.05649,2396
600,0.159,0.538,0.00033826,0.058144,2400
601,0.591,0.543,0.00034052,0.062107,2404
602,0.427,0.532,0.00034279,0.058182000000000005,2408
603,0.712,0.55,0.00034507,0.059061999999999996,2412
604,0.236,0.518,0.00034737,0.051804,2416
605,0.831,0.55,0.00034967,0.054326,2420
606,0.517,0.546,0.00035199,0.055617,2424
607,0.569,0.549,0.00035432,0.05924,2428
608,0.918,0.586,0.00035666,0.066691,2432
609,0.376,0.565,0.00035901,0.056677,2436
610,0.42,0.55,0.00036138,0.05663,2440
611,0.865,0.582,0.00036375,0.055622,2444
612,0.019,0.525,0.00036614,0.056737,2448
613,0.683,0.541,0.00036854,0.055094000000000004,2452
614,0.323,0.519,0.00037095,0.060203,2456
615,0.411,0.509,0.00037337,0.055380000000000006,2460
616,0.493,0.507,0.00037581,0.056567,2464
617,0.728,0.529,0.00037825,0.056456000000000006,2468
618,0.905,0.567,0.00038071,0.054277,2472
619,1.101,0.62,0.00038318,0.056495,2476
620,0.452,0.603,0.00038566,0.053652,2480
621,1.545,0.697,0.00038816,0.056112999999999996,2484
622,0.002,0.628,0.00039066,0.056163,2488
623,1.702,0.735,0.00039318,0.055238,2492
624,1.242,0.786,0.00039571,0.054225999999999996,2496
625,0.376,0.745,0.00039825,0.056152,2500
626,0.018,0.672,0.00040081,0.057649,2504
627,0.449,0.65,0.00040338,0.059222000000000004,2508
628,0.903,0.675,0.00040596,0.056917,2512
629,0.693,0.677,0.00040855,0.055373,2516
630,0.709,0.68,0.00041115,0.056278,2520
631,0.828,0.695,0.00041377,0.058997,2524
632,0.285,0.654,0.0004164,0.059671999999999996,2528
633,0.411,0.63,0.00041904,0.056578,2532
634,0.002,0.567,0.00042169,0.057982,2536
635,0.953,0.606,0.00042436,0.057595999999999994,2540
636,0.893,0.634,0.00042704,0.057368,2544
637,0.441,0.615,0.00042973,0.059787999999999994,2548
638,0.654,0.619,0.00043244,0.055606,2552
639,0.38,0.595,0.00043515,0.058772,2556
640,0.228,0.558,0.00043789,0.057088,2560
641,0.185,0.521,0.00044063,0.054060000000000004,2564
642,0.466,0.516,0.00044338,0.058658,2568
643,0.001,0.464,0.00044615,0.058092,2572
644,0.318,0.449,0.00044894,0.056595999999999994,2576
645,0.255,0.43,0.00045173,0.054863999999999996,2580
646,0.375,0.425,0.00045454,0.055064999999999996,2584
647,0.965,0.479,0.00045736,0.056669,2588
648,0.002,0.431,0.00046019,0.059247999999999995,2592
649,1.013,0.489,0.00046304,0.059347000000000004,2596
650,0.611,0.501,0.0004659,0.060642,2600
651,0.006,0.452,0.00046878,0.058499,2604
652,1.312,0.538,0.00047166,0.061415,2608
653,0.6,0.544,0.00047456,0.058305,2612
654,0.035,0.493,0.00047748,0.059198999999999995,2616
655,0.68,0.512,0.0004804,0.06474500000000001,2620
656,0.687,0.529,0.00048334,0.060088,2624
657,0.508,0.527,0.0004863,0.056395,2628
658,0.709,0.545,0.00048926,0.056547,2632
659,0.281,0.519,0.00049225,0.051966,2636
660,0.633,0.53,0.00049524,0.060058,2640
661,0.001,0.477,0.00049825,0.055000999999999994,2644
662,0.389,0.468,0.00050127,0.05459000000000001,2648
663,0.325,0.454,0.00050431,0.057469,2652
664,0.528,0.461,0.00050736,0.054981999999999996,2656
665,0.179,0.433,0.00051042,0.055204,2660
666,0.74,0.464,0.0005135,0.056820999999999997,2664
667,0.208,0.438,0.00051659,0.055430999999999994,2668
668,0.358,0.43,0.00051969,0.055990000000000005,2672
669,1.045,0.492,0.00052281,0.053289,2676
670,0.318,0.474,0.00052594,0.058512999999999996,2680
671,0.292,0.456,0.00052909,0.056429,2684
672,0.324,0.443,0.00053225,0.058933,2688
673,1.402,0.539,0.00053543,0.055518,2692
674,0.747,0.56,0.00053862,0.054377,2696
675,0.693,0.573,0.00054182,0.056314,2700
676,0.003,0.516,0.00054504,0.055434,2704
677,0.018,0.466,0.00054827,0.05763,2708
678,0.38,0.458,0.00055152,0.056332,2712
679,0.47,0.459,0.00055478,0.055186,2716
680,0.511,0.464,0.00055805,0.054154,2720
681,1.417,0.559,0.00056134,0.057735,2724
682,0.289,0.532,0.00056465,0.053773,2728
683,0.001,0.479,0.00056797,0.054752,2732
684,0.001,0.431,0.0005713,0.057756999999999996,2736
685,0.753,0.464,0.00057465,0.057887999999999995,2740
686,0.497,0.467,0.00057801,0.057591,2744
687,1.092,0.529,0.00058139,0.061503,2748
688,0.222,0.499,0.00058478,0.058996,2752
689,0.801,0.529,0.00058819,0.057393,2756
690,0.552,0.531,0.00059161,0.056792999999999996,2760
691,0.691,0.547,0.00059505,0.060187,2764
692,0.81,0.574,0.0005985,0.057027999999999995,2768
693,0.756,0.592,0.00060197,0.056415999999999994,2772
694,0.598,0.592,0.00060545,0.06422199999999999,2776
695,0.429,0.576,0.00060895,0.063139,2780
696,0.534,0.572,0.00061246,0.066464,2784
697,0.269,0.542,0.00061599,0.063184,2788
698,1.505,0.638,0.00061953,0.067116,2792
699,0.756,0.65,0.00062309,0.066714,2796
700,0.771,0.662,0.00062666,0.064206,2800
701,0.352,0.631,0.00063025,0.069076,2804
702,0.208,0.588,0.00063385,0.067726,2808
703,1.171,0.647,0.00063747,0.06705599999999999,2812
704,0.921,0.674,0.00064111,0.065488,2816
705,0.365,0.643,0.00064476,0.06573000000000001,2820
706,0.634,0.642,0.00064842,0.064482,2824
707,0.556,0.634,0.00065211,0.06479,2828
708,0.575,0.628,0.0006558,0.05881,2832
709,0.681,0.633,0.00065952,0.06021,2836
710,0.401,0.61,0.00066324,0.05946,2840
711,0.609,0.61,0.00066699,0.062035,2844
712,0.644,0.613,0.00067075,0.062066,2848
713,0.33,0.585,0.00067453,0.06003,2852
714,0.482,0.574,0.00067832,0.056915,2856
715,0.739,0.591,0.00068213,0.055657,2860
716,0.726,0.604,0.00068595,0.058027999999999996,2864
717,0.214,0.565,0.00068979,0.057074,2868
718,0.002,0.509,0.00069365,0.060064,2872
719,1.291,0.587,0.00069752,0.054103,2876
720,0.851,0.614,0.00070141,0.061944000000000006,2880
721,0.393,0.592,0.00070531,0.056617,2884
722,0.687,0.601,0.00070923,0.055479,2888
723,0.274,0.568,0.00071317,0.05718,2892
724,0.227,0.534,0.00071712,0.055627,2896
725,0.692,0.55,0.0007211,0.057815,2900
726,0.33,0.528,0.00072508,0.05732,2904
727,0.601,0.535,0.00072908,0.055878,2908
728,0.764,0.558,0.0007331,0.054694,2912
729,0.579,0.56,0.00073714,0.056396,2916
730,0.524,0.557,0.00074119,0.055392000000000004,2920
731,0.408,0.542,0.00074526,0.056587000000000005,2924
732,0.791,0.567,0.00074935,0.058344,2928
733,0.389,0.549,0.00075345,0.055778,2932
734,1.361,0.63,0.00075757,0.055109000000000005,2936
735,0.726,0.64,0.00076171,0.05957,2940
736,0.013,0.577,0.00076586,0.055371000000000004,2944
737,0.282,0.547,0.00077003,0.055935000000000006,2948
738,0.361,0.529,0.00077422,0.054280999999999996,2952
739,0.577,0.534,0.00077843,0.05577,2956
740,1.082,0.589,0.00078265,0.056646,2960
741,0.254,0.555,0.00078689,0.057313,2964
742,0.196,0.519,0.00079115,0.057418,2968
743,0.745,0.542,0.00079542,0.06276899999999999,2972
744,0.526,0.54,0.00079971,0.060154000000000006,2976
745,0.148,0.501,0.00080402,0.058981,2980
746,0.372,0.488,0.00080834,0.056787,2984
747,0.414,0.481,0.00081269,0.058105,2988
748,0.008,0.433,0.00081705,0.057432000000000004,2992
749,0.426,0.433,0.00082142,0.058088,2996
750,0.586,0.448,0.00082582,0.059253,3000
751,0.665,0.47,0.00083023,0.059012,3004
752,1.054,0.528,0.00083466,0.057151,3008
753,0.414,0.517,0.00083911,0.057906,3012
754,0.007,0.466,0.00084358,0.062577,3016
755,0.797,0.499,0.00084806,0.057843000000000006,3020
756,0.345,0.483,0.00085257,0.056967,3024
757,0.122,0.447,0.00085709,0.057428,3028
758,0.405,0.443,0.00086162,0.056432,3032
759,0.647,0.463,0.00086618,0.054604,3036
760,0.934,0.51,0.00087075,0.055987999999999996,3040
761,0.411,0.5,0.00087534,0.057787,3044
762,0.485,0.499,0.00087996,0.056854999999999996,3048
763,0.0,0.449,0.00088458,0.054545,3052
764,0.8,0.484,0.00088923,0.055179,3056
765,0.429,0.479,0.00089389,0.05858,3060
766,0.307,0.462,0.00089858,0.058618,3064
767,0.461,0.461,0.00090328,0.05903799999999999,3068
768,0.645,0.48,0.000908,0.05593,3072
769,0.105,0.442,0.00091274,0.05784,3076
770,0.842,0.482,0.00091749,0.055367,3080
771,0.665,0.5,0.00092227,0.055228,3084
772,0.006,0.451,0.00092706,0.056505,3088
773,0.767,0.483,0.00093188,0.056776,3092
774,0.861,0.52,0.00093671,0.057241999999999994,3096
775,0.375,0.506,0.00094156,0.057978999999999996,3100
776,0.923,0.548,0.00094643,0.058040999999999995,3104
777,0.236,0.516,0.00095132,0.058917000000000004,3108
778,0.679,0.533,0.00095622,0.056864,3112
779,0.467,0.526,0.00096115,0.058403,3116
780,0.053,0.479,0.00096609,0.053484000000000004,3120
781,0.686,0.499,0.00097106,0.056498,3124
782,0.533,0.503,0.00097604,0.05273,3128
783,0.004,0.453,0.00098104,0.057231000000000004,3132
784,0.443,0.452,0.00098606,0.053861,3136
785,1.245,0.531,0.0009911,0.07112,3140
786,0.649,0.543,0.00099616,0.08364100000000001,3144
787,0.423,0.531,0.00100124,0.070077,3148
788,0.352,0.513,0.00100634,0.068675,3152
789,0.003,0.462,0.00101146,0.07054099999999999,3156
790,0.084,0.424,0.0010166,0.070112,3160
791,0.918,0.474,0.00102175,0.069495,3164
792,0.764,0.503,0.00102693,0.067655,3168
793,0.254,0.478,0.00103213,0.07369400000000001,3172
794,0.154,0.445,0.00103734,0.080261,3176
795,0.237,0.425,0.00104258,0.073372,3180
796,0.747,0.457,0.00104783,0.065443,3184
797,0.283,0.439,0.00105311,0.06414700000000001,3188
798,0.562,0.452,0.00105841,0.059947,3192
799,0.274,0.434,0.00106372,0.061683,3196
800,0.32,0.423,0.00106906,0.062371,3200
801,1.329,0.513,0.00107441,0.069535,3204
802,0.076,0.469,0.00107979,0.060576,3208
803,1.351,0.558,0.00108518,0.05815699999999999,3212
804,0.602,0.562,0.0010906,0.067869,3216
805,1.197,0.626,0.00109603,0.065682,3220
806,1.05,0.668,0.00110149,0.065793,3224
807,0.809,0.682,0.00110697,0.064152,3228
808,0.174,0.631,0.00111246,0.062433999999999996,3232
809,0.716,0.64,0.00111798,0.063325,3236
810,0.748,0.651,0.00112352,0.065236,3240
811,0.468,0.632,0.00112908,0.06553400000000001,3244
812,0.511,0.62,0.00113466,0.06431,3248
813,0.791,0.637,0.00114026,0.062715,3252
814,0.415,0.615,0.00114588,0.065816,3256
815,0.868,0.64,0.00115152,0.06489,3260
816,0.226,0.599,0.00115718,0.06765399999999999,3264
817,0.0,0.539,0.00116286,0.066054,3268
818,0.564,0.541,0.00116857,0.063607,3272
819,0.003,0.488,0.00117429,0.066076,3276
820,0.004,0.439,0.00118004,0.063417,3280
821,1.614,0.557,0.0011858,0.063043,3284
822,0.534,0.554,0.00119159,0.06552200000000001,3288
823,0.443,0.543,0.0011974,0.063158,3292
824,0.223,0.511,0.00120323,0.06633700000000001,3296
825,0.331,0.493,0.00120908,0.063257,3300
826,0.291,0.473,0.00121496,0.066411,3304
827,0.494,0.475,0.00122085,0.064921,3308
828,0.425,0.47,0.00122677,0.06579,3312
829,1.244,0.548,0.0012327,0.063552,3316
830,0.482,0.541,0.00123866,0.06592400000000001,3320
831,0.581,0.545,0.00124464,0.072176,3324
832,0.727,0.563,0.00125064,0.06547700000000001,3328
833,0.658,0.573,0.00125667,0.065111,3332
834,0.474,0.563,0.00126271,0.06611,3336
835,0.298,0.536,0.00126878,0.064106,3340
836,0.405,0.523,0.00127487,0.06276899999999999,3344
837,1.274,0.598,0.00128098,0.062308999999999996,3348
838,0.001,0.539,0.00128711,0.062776,3352
839,1.035,0.588,0.00129327,0.063,3356
840,0.022,0.532,0.00129944,0.06547499999999999,3360
841,0.001,0.478,0.00130564,0.064915,3364
842,0.206,0.451,0.00131186,0.067111,3368
843,0.558,0.462,0.00131811,0.064815,3372
844,0.976,0.513,0.00132437,0.06545999999999999,3376
845,0.81,0.543,0.00133066,0.06442400000000001,3380
846,0.272,0.516,0.00133697,0.067881,3384
847,0.178,0.482,0.0013433,0.066729,3388
848,0.343,0.468,0.00134966,0.063382,3392
849,0.357,0.457,0.00135604,0.063476,3396
850,0.823,0.494,0.00136244,0.064849,3400
851,0.076,0.452,0.00136886,0.06491200000000001,3404
852,0.598,0.467,0.0013753,0.069093,3408
853,0.746,0.495,0.00138177,0.066683,3412
854,0.349,0.48,0.00138826,0.066069,3416
855,0.549,0.487,0.00139478,0.064826,3420
856,0.797,0.518,0.00140131,0.057053,3424
857,0.336,0.5,0.00140787,0.062949,3428
858,0.397,0.489,0.00141446,0.057214,3432
859,0.44,0.484,0.00142106,0.058524,3436
860,0.145,0.451,0.00142769,0.057688,3440
861,0.315,0.437,0.00143434,0.0595,3444
862,0.171,0.41,0.00144102,0.058329,3448
863,0.198,0.389,0.00144772,0.058353,3452
864,0.24,0.374,0.00145444,0.057619,3456
865,0.478,0.385,0.00146118,0.059753,3460
866,0.103,0.356,0.00146795,0.061021,3464
867,0.383,0.359,0.00147474,0.06253600000000001,3468
868,0.473,0.371,0.00148156,0.060719999999999996,3472
869,1.471,0.481,0.0014884,0.060045,3476
870,0.085,0.441,0.00149526,0.05707,3480
871,0.381,0.435,0.00150215,0.060692,3484
872,0.283,0.42,0.00150906,0.061393,3488
873,1.079,0.486,0.00151599,0.059872,3492
874,0.491,0.486,0.00152295,0.061183,3496
875,0.532,0.491,0.00152993,0.059039,3500
876,0.322,0.474,0.00153694,0.060396,3504
877,0.486,0.475,0.00154397,0.057318,3508
878,0.026,0.43,0.00155102,0.059794,3512
879,0.279,0.415,0.0015581,0.065076,3516
880,0.34,0.408,0.0015652,0.058472,3520
881,0.577,0.424,0.00157233,0.060459000000000006,3524
882,0.0,0.382,0.00157948,0.059403,3528
883,0.959,0.44,0.00158666,0.060625,3532
884,0.494,0.445,0.00159386,0.054513,3536
885,0.608,0.461,0.00160108,0.059527000000000004,3540
886,0.693,0.485,0.00160833,0.060344,3544
887,0.765,0.513,0.0016156,0.057552,3548
888,1.078,0.569,0.0016229,0.056604999999999996,3552
889,1.045,0.617,0.00163022,0.056968000000000005,3556
890,0.441,0.599,0.00163757,0.05935,3560
891,0.905,0.63,0.00164494,0.054798,3564
892,0.972,0.664,0.00165234,0.058881,3568
893,0.026,0.6,0.00165976,0.055059,3572
894,0.582,0.598,0.00166721,0.053183,3576
895,0.598,0.598,0.00167468,0.053271,3580
896,0.382,0.577,0.00168218,0.055771999999999995,3584
897,0.697,0.589,0.0016897,0.052927,3588
898,0.238,0.554,0.00169725,0.055621000000000004,3592
899,0.34,0.532,0.00170482,0.055378,3596
900,0.364,0.515,0.00171242,0.05579099999999999,3600
901,0.487,0.513,0.00172004,0.06284100000000001,3604
902,0.003,0.462,0.00172769,0.055011000000000004,3608
903,0.277,0.443,0.00173537,0.055784999999999994,3612
904,0.116,0.41,0.00174307,0.056698,3616
905,0.208,0.39,0.00175079,0.058895,3620
906,0.252,0.376,0.00175854,0.060558999999999995,3624
907,1.411,0.48,0.00176632,0.059791,3628
908,0.328,0.465,0.00177412,0.059176,3632
909,0.038,0.422,0.00178195,0.058387999999999995,3636
910,0.17,0.397,0.00178981,0.057722,3640
911,0.026,0.36,0.00179769,0.05647099999999999,3644
912,0.869,0.411,0.00180559,0.055996000000000004,3648
913,0.636,0.433,0.00181353,0.058105,3652
914,0.645,0.454,0.00182148,0.056513,3656
915,0.454,0.454,0.00182947,0.058148000000000005,3660
916,0.262,0.435,0.00183748,0.053485,3664
917,0.313,0.423,0.00184552,0.053668,3668
918,0.649,0.445,0.00185358,0.0562,3672
919,0.518,0.453,0.00186167,0.057040999999999994,3676
920,1.088,0.516,0.00186979,0.061577,3680
921,1.499,0.614,0.00187793,0.055378,3684
922,0.153,0.568,0.0018861,0.054335999999999995,3688
923,0.019,0.513,0.00189429,0.056644,3692
924,0.21,0.483,0.00190252,0.0586,3696
925,0.174,0.452,0.00191077,0.0564,3700
926,0.459,0.453,0.00191904,0.05745,3704
927,0.0,0.408,0.00192734,0.055936,3708
928,0.551,0.422,0.00193567,0.059933999999999994,3712
929,0.23,0.403,0.00194403,0.057457,3716
930,0.75,0.437,0.00195242,0.05586,3720
931,0.381,0.432,0.00196083,0.054674,3724
932,0.716,0.46,0.00196926,0.05659,3728
933,0.522,0.466,0.00197773,0.056631,3732
934,0.726,0.492,0.00198622,0.055226,3736
935,0.506,0.494,0.00199474,0.05515,3740
936,0.445,0.489,0.00200329,0.056261000000000005,3744
937,0.791,0.519,0.00201187,0.057887,3748
938,0.542,0.521,0.00202047,0.059726999999999995,3752
939,0.275,0.497,0.0020291,0.053471,3756
940,0.602,0.507,0.00203775,0.057546,3760
941,0.634,0.52,0.00204644,0.056518,3764
942,0.799,0.548,0.00205515,0.054198,3768
943,0.768,0.57,0.00206389,0.055407,3772
944,0.22,0.535,0.00207266,0.054561,3776
945,0.183,0.5,0.00208146,0.054424999999999994,3780
946,0.451,0.495,0.00209028,0.054547,3784
947,1.062,0.551,0.00209914,0.058826,3788
948,0.611,0.557,0.00210802,0.056165,3792
949,0.436,0.545,0.00211692,0.058991,3796
950,0.325,0.523,0.00212586,0.057675,3800
951,0.445,0.515,0.00213483,0.060579,3804
952,0.366,0.5,0.00214382,0.062345,3808
953,0.05,0.455,0.00215284,0.058445,3812
954,1.291,0.539,0.00216189,0.055743,3816
955,0.214,0.507,0.00217097,0.055930999999999995,3820
956,0.203,0.476,0.00218008,0.059116,3824
957,0.002,0.429,0.00218921,0.057897,3828
958,0.253,0.411,0.00219838,0.058272,3832
959,0.445,0.415,0.00220757,0.055493,3836
960,0.005,0.374,0.00221679,0.059198,3840
961,0.34,0.37,0.00222605,0.057284,3844
962,0.313,0.365,0.00223533,0.05404,3848
963,0.573,0.385,0.00224463,0.056933,3852
964,0.518,0.399,0.00225397,0.059255,3856
965,0.288,0.388,0.00226334,0.058997999999999995,3860
966,0.512,0.4,0.00227274,0.059376,3864
967,0.323,0.392,0.00228216,0.05638,3868
968,0.495,0.403,0.00229162,0.059844999999999995,3872
969,0.65,0.427,0.0023011,0.054218,3876
970,0.967,0.481,0.00231061,0.056898000000000004,3880
971,0.792,0.512,0.00232016,0.060261,3884
972,0.857,0.547,0.00232973,0.053825000000000005,3888
973,0.439,0.536,0.00233933,0.057241999999999994,3892
974,0.025,0.485,0.00234896,0.055713,3896
975,0.373,0.474,0.00235863,0.056826999999999996,3900
976,0.778,0.504,0.00236832,0.05652,3904
977,0.319,0.486,0.00237804,0.056384000000000004,3908
978,0.268,0.464,0.00238779,0.055487,3912
979,0.634,0.481,0.00239757,0.057101,3916
980,0.986,0.531,0.00240738,0.055841999999999996,3920
981,0.398,0.518,0.00241722,0.059904000000000006,3924
982,0.749,0.541,0.00242709,0.057622,3928
983,0.144,0.501,0.00243699,0.06008,3932
984,0.808,0.532,0.00244693,0.055062,3936
985,1.075,0.586,0.00245689,0.057344,3940
986,0.833,0.611,0.00246688,0.054181,3944
987,0.228,0.573,0.0024769,0.052990999999999996,3948
988,0.388,0.554,0.00248696,0.058399,3952
989,0.461,0.545,0.00249704,0.057215,3956
990,0.001,0.49,0.00250716,0.055229999999999994,3960
991,0.563,0.498,0.0025173,0.055577,3964
992,0.479,0.496,0.00252748,0.053734000000000004,3968
993,0.957,0.542,0.00253768,0.054197,3972
994,0.0,0.488,0.00254792,0.058289,3976
995,0.369,0.476,0.00255819,0.059296999999999996,3980
996,0.501,0.478,0.00256849,0.053594,3984
997,0.11,0.441,0.00257882,0.053897,3988
998,0.276,0.425,0.00258918,0.052786,3992
999,0.001,0.382,0.00259958,0.054759999999999996,3996
1000,1.164,0.461,0.00261,0.058475,4000
